algo,dist,n,time
bubble,random,100,0.00035390001721680164
insertion,random,100,0.00017689995002001524
merge,random,100,0.00011539994738996029
quick,random,100,0.00012320000678300858
builtin,random,100,3.700028173625469e-06
bubble,random,200,0.001449699979275465
insertion,random,200,0.0006624000379815698
merge,random,200,0.00025100004859268665
quick,random,200,0.0003285999409854412
builtin,random,200,7.400056347250938e-06
bubble,random,500,0.009680100018158555
insertion,random,500,0.004459099960513413
merge,random,500,0.0006938000442460179
quick,random,500,0.0008091999916359782
builtin,random,500,2.9199989512562752e-05
bubble,random,1000,0.039614199893549085
insertion,random,1000,0.018412099918350577
merge,random,1000,0.0016477000899612904
quick,random,1000,0.001541999983601272
builtin,random,1000,7.750000804662704e-05
bubble,random,2000,0.19462979992385954
insertion,random,2000,0.07764399994630367
merge,random,2000,0.0032401999924331903
quick,random,2000,0.003504500025883317
builtin,random,2000,0.00019079993944615126
merge,random,5000,0.009452599915675819
quick,random,5000,0.009825700079090893
builtin,random,5000,0.0009403000585734844
merge,random,10000,0.021258600056171417
quick,random,10000,0.023087300010956824
builtin,random,10000,0.0012386000016704202
bubble,sorted,100,4.300032742321491e-06
insertion,sorted,100,7.800059393048286e-06
merge,sorted,100,7.870001718401909e-05
quick,sorted,100,9.749992750585079e-05
builtin,sorted,100,7.00005330145359e-07
bubble,sorted,200,7.900060154497623e-06
insertion,sorted,200,1.4399993233382702e-05
merge,sorted,200,0.00017389992717653513
quick,sorted,200,0.00020680006127804518
builtin,sorted,200,1.100008375942707e-06
bubble,sorted,500,2.1999934688210487e-05
insertion,sorted,500,3.990007098764181e-05
merge,sorted,500,0.00047919992357492447
quick,sorted,500,0.000762699986808002
builtin,sorted,500,2.600019797682762e-06
bubble,sorted,1000,5.079992115497589e-05
insertion,sorted,1000,8.409994188696146e-05
merge,sorted,1000,0.0010257000103592873
quick,sorted,1000,0.0014653000980615616
builtin,sorted,1000,5.09992241859436e-06
bubble,sorted,2000,0.0001094000181183219
insertion,sorted,2000,0.00017399992793798447
merge,sorted,2000,0.0023307999363169074
quick,sorted,2000,0.00293810002040118
builtin,sorted,2000,1.0199961252510548e-05
merge,sorted,5000,0.00654580001719296
quick,sorted,5000,0.008008999982848763
builtin,sorted,5000,2.5799963623285294e-05
merge,sorted,10000,0.012350399978458881
quick,sorted,10000,0.01701790001243353
builtin,sorted,10000,4.709989298135042e-05
bubble,reversed,100,0.0004227999597787857
insertion,reversed,100,0.0003195999888703227
merge,reversed,100,9.129999671131372e-05
quick,reversed,100,9.650003630667925e-05
builtin,reversed,100,9.00006853044033e-07
bubble,reversed,200,0.0016462999628856778
insertion,reversed,200,0.0013777000131085515
merge,reversed,200,0.00020080001559108496
quick,reversed,200,0.00019729998894035816
builtin,reversed,200,1.300009898841381e-06
bubble,reversed,500,0.013697999995201826
insertion,reversed,500,0.008435299969278276
merge,reversed,500,0.0005140999564900994
quick,reversed,500,0.0006054999539628625
builtin,reversed,500,2.800021320581436e-06
bubble,reversed,1000,0.0550487000728026
insertion,reversed,1000,0.0359168000286445
merge,reversed,1000,0.0011280999751761556
quick,reversed,1000,0.0013352000387385488
builtin,reversed,1000,5.999929271638393e-06
bubble,reversed,2000,0.28858920000493526
insertion,reversed,2000,0.15336210001260042
merge,reversed,2000,0.0022950000129640102
quick,reversed,2000,0.0029977000085636973
builtin,reversed,2000,1.100008375942707e-05
merge,reversed,5000,0.006414999952539802
quick,reversed,5000,0.0076772000174969435
builtin,reversed,5000,2.9699993319809437e-05
merge,reversed,10000,0.025308500044047832
quick,reversed,10000,0.018264199956320226
builtin,reversed,10000,5.4600066505372524e-05
bubble,nearly_sorted,100,0.00017570005729794502
insertion,nearly_sorted,100,1.6400008462369442e-05
merge,nearly_sorted,100,8.929998148232698e-05
quick,nearly_sorted,100,9.159999899566174e-05
builtin,nearly_sorted,100,1.600012183189392e-06
bubble,nearly_sorted,200,0.0007485999958589673
insertion,nearly_sorted,200,4.3500098399817944e-05
merge,nearly_sorted,200,0.00018339999951422215
quick,nearly_sorted,200,0.00019559997599571943
builtin,nearly_sorted,200,2.600019797682762e-06
bubble,nearly_sorted,500,0.003153800033032894
insertion,nearly_sorted,500,0.00011459994129836559
merge,nearly_sorted,500,0.0005263000493869185
quick,nearly_sorted,500,0.0006600000197067857
builtin,nearly_sorted,500,5.00003807246685e-06
bubble,nearly_sorted,1000,0.022300299955531955
insertion,nearly_sorted,1000,0.0009138999739661813
merge,nearly_sorted,1000,0.0012637999607250094
quick,nearly_sorted,1000,0.0013232000637799501
builtin,nearly_sorted,1000,1.1899974197149277e-05
bubble,nearly_sorted,2000,0.09490150003693998
insertion,nearly_sorted,2000,0.0024170000106096268
merge,nearly_sorted,2000,0.002744399942457676
quick,nearly_sorted,2000,0.0028107999823987484
builtin,nearly_sorted,2000,2.4099950678646564e-05
merge,nearly_sorted,5000,0.007564299972727895
quick,nearly_sorted,5000,0.008842799928970635
builtin,nearly_sorted,5000,7.459998596459627e-05
merge,nearly_sorted,10000,0.01913080003578216
quick,nearly_sorted,10000,0.01664749998599291
builtin,nearly_sorted,10000,0.00013729999773204327
